"","Comp","Species","dbhc","Nha","Vha","Gha","area_ha"
"1","1","Grevillea robusta",2,12,0.48,0.0809,2.71
"2","1","Grevillea robusta",6,62,41.47,3.4756,2.71
"3","1","Grevillea robusta",3,394,45.95,5.5478,2.71
"4","1","Grevillea robusta",4,694,163.62,16.6753,2.71
"5","1","Grevillea robusta",5,275,112.42,10.2526,2.71
"6","1","Grevillea robusta",7,6,7.82,0.5979,2.71
"7","10","Eucalyptus spps",6,75,53.73,4.215,1.12
"8","10","Eucalyptus spps",4,350,76.98,8.3028,1.12
"9","10","Eucalyptus spps",2,125,2.47,0.5337,1.12
"10","10","Eucalyptus spps",3,200,15.5,2.2518,1.12
"11","100","Cupressus lusitanica",2,118,3.43,0.6747,2.15
"12","100","Cupressus lusitanica",3,382,32.04,5.1929,2.15
"13","100","Cupressus lusitanica",4,455,73.92,10.63,2.15
"14","100","Cupressus lusitanica",5,164,45.84,6.0162,2.15
"15","100","Cupressus lusitanica",6,36,16.36,1.992,2.15
"16","101","Juniperus procera ",5,178,51.76,7.083,1.83
"17","101","Juniperus procera ",2,11,0.12,0.0363,1.83
"18","101","Juniperus procera ",3,111,9.64,1.644,1.83
"19","101","Juniperus procera ",4,233,40.77,6.0604,1.83
"20","101","Juniperus procera ",6,144,64.47,8.3228,1.83
"21","102","Cupressus lusitanica",5,21,5.85,0.7709,2.4
"22","102","Cupressus lusitanica",2,200,5.46,1.0869,2.4
"23","102","Cupressus lusitanica",3,650,53.13,8.6452,2.4
"24","102","Cupressus lusitanica",4,421,63.37,9.2492,2.4
"25","103b","Cupressus lusitanica",2,14,0.57,0.1067,1.3
"26","103b","Cupressus lusitanica",3,300,23.86,3.9074,1.3
"27","103b","Cupressus lusitanica",4,514,82.16,11.8574,1.3
"28","103b","Cupressus lusitanica",5,171,49.44,6.4586,1.3
"29","11","Cupressus lusitanica",4,108,16.68,2.4192,2.38
"30","11","Cupressus lusitanica",3,377,29.93,4.8938,2.38
"31","11","Cupressus lusitanica",1,8,0.06,0.0145,2.38
"32","11","Cupressus lusitanica",2,300,7.04,1.4428,2.38
"33","12","Olea africana",3,233,11.58,2.7872,1.3
"34","12","Olea africana",4,50,5.47,1.0865,1.3
"35","12","Juniperus procera",4,17,2.04,0.3738,1.3
"36","12","Olea africana",1,17,0.05,0.0237,1.3
"37","12","Olea africana",2,417,5.96,1.8902,1.3
"38","12","Juniperus procera",2,50,0.92,0.2625,1.3
"39","15","Grevillea robusta",2,7,0.33,0.0519,3
"40","15","Grevillea robusta",3,320,37.03,4.4861,3
"41","15","Grevillea robusta",4,467,110.05,11.2198,3
"42","15","Grevillea robusta",5,427,183.11,16.5469,3
"43","15","Grevillea robusta",6,100,71.11,5.8914,3
"44","15","Grevillea robusta",7,33,33.53,2.64,3
"45","16","Cupressus lusitanica",1,50,0.21,0.0612,2.08
"46","16","Cupressus lusitanica",4,230,33.85,4.9587,2.08
"47","16","Cupressus lusitanica",2,330,9.68,1.9091,2.08
"48","16","Cupressus lusitanica",3,780,57.49,9.5291,2.08
"49","17","Juniperus procera ",5,133,35.74,4.9548,0.99
"50","17","Juniperus procera ",4,267,41.32,6.2702,0.99
"51","17","Juniperus procera ",3,144,12.07,2.0763,0.99
"52","17","Juniperus procera ",6,167,72.9,9.4363,0.99
"53","17","Juniperus procera ",7,44,29.5,3.6344,0.99
"54","18a","Cupressus lusitanica",2,133,4.18,0.816,1.25
"55","18a","Olea africana",3,83,3.36,0.8468,1.25
"56","18a","Cupressus lusitanica",3,300,22.55,3.7202,1.25
"57","18a","Cupressus lusitanica",4,400,66.67,9.5503,1.25
"58","18a","Cupressus lusitanica",5,133,35.38,4.6887,1.25
"59","18a","Olea africana",2,217,2.98,0.9562,1.25
"60","18a","Olea africana",4,17,2.19,0.417,1.25
"61","18b","Olea africana",4,20,1.81,0.3774,0.75
"62","18b","Olea africana",1,540,1.69,0.7744,0.75
"63","18b","Olea africana",2,1240,14.14,4.7326,0.75
"64","18b","Olea africana",3,140,4.72,1.2516,0.75
"65","21a","Cupressus lusitanica",2,160,5.21,1.0086,0.86
"66","21a","Cupressus lusitanica",3,400,28.07,4.7008,0.86
"67","21a","Cupressus lusitanica",4,240,37.84,5.472,0.86
"68","21a","Cupressus lusitanica",6,60,26.56,3.2458,0.86
"69","21a","Cupressus lusitanica",5,120,32.99,4.3462,0.86
"70","22","Cupressus lusitanica",2,112,3.92,0.7531,1.44
"71","22","Cupressus lusitanica",5,188,57.51,7.4385,1.44
"72","22","Cupressus lusitanica",4,238,38.59,5.5541,1.44
"73","22","Cupressus lusitanica",8,12,12.62,1.3806,1.44
"74","22","Cupressus lusitanica",6,50,20.76,2.5619,1.44
"75","22","Cupressus lusitanica",7,25,16.69,1.9236,1.44
"76","22","Cupressus lusitanica",3,250,19.99,3.2636,1.44
"77","23","Cupressus lusitanica",3,300,24.3,3.974,0.6
"78","23","Cupressus lusitanica",2,100,4.19,0.778,0.6
"79","23","Cupressus lusitanica",5,100,25.31,3.382,0.6
"80","23","Cupressus lusitanica",6,50,21.25,2.614,0.6
"81","23","Cupressus lusitanica",4,400,60.44,8.8125,0.6
"82","24","Juniperus procera ",3,233,19.54,3.3527,0.56
"83","24","Juniperus procera ",6,33,12.83,1.689,0.56
"84","24","Juniperus procera ",4,467,69.83,10.6767,0.56
"85","24","Juniperus procera ",5,233,58.1,8.146,0.56
"86","26","Cupressus lusitanica",2,440,8.24,1.7718,1.11
"87","26","Cupressus lusitanica",3,20,0.91,0.1666,1.11
"88","26","Eucalyptus spps",1,20,0.09,0.0284,1.11
"89","26","Eucalyptus spps",2,60,0.98,0.2238,1.11
"90","27","Cupressus lusitanica",2,350,7.54,1.562,0.49
"91","28","Cupressus lusitanica",2,86,3.12,0.5957,1.18
"92","28","Cupressus lusitanica",6,43,18.71,2.2913,1.18
"93","28","Cupressus lusitanica",3,143,11,1.8106,1.18
"94","28","Cupressus lusitanica",4,214,36.33,5.1886,1.18
"95","28","Cupressus lusitanica",5,143,40.02,5.2534,1.18
"96","29","Cupressus lusitanica",2,380,8.23,1.7076,1.15
"97","29","Cupressus lusitanica",3,520,39.48,6.5168,1.15
"98","29","Cupressus lusitanica",4,120,16.98,2.5078,1.15
"99","30","Grevillea robusta",3,20,3.12,0.351,0.77
"100","30","Grevillea robusta",4,260,66.14,6.6372,0.77
"101","30","Grevillea robusta",5,500,219.25,19.7316,0.77
"102","30","Grevillea robusta",6,200,128.1,10.7984,0.77
"103","30","Grevillea robusta",7,20,22.38,1.7366,0.77
"104","32","Juniperus procera ",3,43,3.94,0.6651,1.22
"105","32","Juniperus procera ",7,14,8.82,1.0957,1.22
"106","32","Juniperus procera ",4,243,38.9,5.8729,1.22
"107","32","Juniperus procera ",5,300,81.28,11.2481,1.22
"108","32","Juniperus procera ",6,57,26.85,3.445,1.22
"109","34","Cupressus lusitanica",3,171,13.19,2.1686,2.49
"110","34","Cupressus lusitanica",7,29,18.53,2.1443,2.49
"111","34","Cupressus lusitanica",4,293,53.52,7.5437,2.49
"112","34","Cupressus lusitanica",5,236,73.88,9.5225,2.49
"113","34","Cupressus lusitanica",6,79,39.49,4.7348,2.49
"114","34","Cupressus lusitanica",2,29,0.98,0.1889,2.49
"115","3a","Grevillea robusta",1,100,0.43,0.1675,0.92
"116","3a","Grevillea robusta",2,1367,36.12,6.7772,0.92
"117","3a","Grevillea robusta",3,1200,95.49,12.7783,0.92
"118","3a","Grevillea robusta",4,33,5.69,0.627,0.92
"119","3b","Grevillea robusta",5,22,10.37,0.923,2.17
"120","3b","Grevillea robusta",10,11,25.16,1.7948,2.17
"121","3b","Grevillea robusta",2,1344,34.12,6.4994,2.17
"122","3b","Grevillea robusta",3,722,58.25,7.7674,2.17
"123","3b","Grevillea robusta",4,33,6.22,0.67,2.17
"124","3b","Grevillea robusta",1,22,0.09,0.0357,2.17
"125","3c","Grevillea robusta",5,400,197.3,17.3855,0.7
"126","3c","Grevillea robusta",6,100,63.49,5.3615,0.7
"127","3c","Grevillea robusta",7,50,45.25,3.617,0.7
"128","4","Eucalyptus spps",2,71,1.74,0.3451,1.65
"129","4","Eucalyptus spps",3,71,7,0.9474,1.65
"130","4","Eucalyptus spps",4,100,26.76,2.7366,1.65
"131","4","Eucalyptus spps",5,100,44.86,3.9689,1.65
"132","4","Eucalyptus spps",10,29,98.81,5.3996,1.65
"133","4","Eucalyptus spps",6,43,32.33,2.4997,1.65
"134","4","Eucalyptus spps",7,86,98.13,6.8423,1.65
"135","4","Eucalyptus spps",8,14,23.51,1.5071,1.65
"136","4","Eucalyptus spps",9,14,31.77,1.9046,1.65
"137","41","Juniperus procera ",2,8,0.25,0.056,2.24
"138","41","Juniperus procera ",3,58,4.89,0.8398,2.24
"139","41","Juniperus procera ",4,133,22.26,3.3359,2.24
"140","41","Juniperus procera ",5,183,54.84,7.4778,2.24
"141","41","Juniperus procera ",6,83,36.96,4.7758,2.24
"142","41","Juniperus procera ",7,58,39.32,4.8361,2.24
"143","41","Juniperus procera ",8,8,6.63,0.8018,2.24
"144","42","Cupressus lusitanica",2,18,0.57,0.1105,3
"145","42","Cupressus lusitanica",7,94,67.17,7.6708,3
"146","42","Cupressus lusitanica",8,12,11.45,1.2583,3
"147","42","Cupressus lusitanica",9,6,7.1,0.7615,3
"148","42","Cupressus lusitanica",4,188,32.93,4.6792,3
"149","42","Cupressus lusitanica",5,229,69.03,8.9536,3
"150","42","Cupressus lusitanica",6,182,86.8,10.4886,3
"151","42","Cupressus lusitanica",3,106,9.72,1.5521,3
"152","44","Grevillea robusta",3,38,4.78,0.5648,2.14
"153","44","Grevillea robusta",4,138,33.39,3.383,2.14
"154","44","Grevillea robusta",5,162,66.72,6.0781,2.14
"155","44","Grevillea robusta",6,162,118.48,9.7818,2.14
"156","44","Grevillea robusta",7,112,119.79,9.3555,2.14
"157","45","Cupressus lusitanica",1,36,0.23,0.061,2.07
"158","45","Cupressus lusitanica",2,309,7.65,1.5504,2.07
"159","45","Grevillea robusta",5,55,23.8,2.1437,2.07
"160","45","Grevillea robusta",7,9,9.96,0.7752,2.07
"161","45","Cupressus lusitanica",4,355,55.48,8.0418,2.07
"162","45","Grevillea robusta",3,9,1.42,0.1595,2.07
"163","45","Grevillea robusta",4,45,11.73,1.1737,2.07
"164","45","Cupressus lusitanica",3,409,32.75,5.3498,2.07
"165","46","Eucalyptus spps",1,127,0.66,0.207,2.19
"166","46","Eucalyptus spps",2,1264,27.85,5.748,2.19
"167","46","Eucalyptus spps",3,518,43.96,6.2104,2.19
"168","46","Eucalyptus spps",4,100,18.22,2.0703,2.19
"169","47","Grevillea robusta",3,83,10.46,1.2429,1.85
"170","47","Grevillea robusta",4,383,94.31,9.5309,1.85
"171","47","Grevillea robusta",5,425,182.19,16.4647,1.85
"172","47","Grevillea robusta",6,267,184.13,15.3332,1.85
"173","47","Grevillea robusta",7,33,33.4,2.63,1.85
"174","49a","Cupressus lusitanica",3,687,53.81,8.8217,2.6
"175","49a","Cupressus lusitanica",1,7,0.04,0.0099,2.6
"176","49a","Cupressus lusitanica",2,307,8.08,1.6221,2.6
"177","49a","Cupressus lusitanica",4,453,73.24,10.5487,2.6
"178","49a","Cupressus lusitanica",5,67,18.1,2.3887,2.6
"179","49b","Cupressus lusitanica",2,75,2.54,0.4875,0.49
"180","49b","Cupressus lusitanica",3,425,36.64,5.9132,0.49
"181","49b","Cupressus lusitanica",4,400,67.73,9.6615,0.49
"182","49b","Cupressus lusitanica",5,175,52.56,6.8228,0.49
"183","49b","Cupressus lusitanica",6,50,22.99,2.7945,0.49
"184","49b","Cupressus lusitanica",7,25,16.81,1.936,0.49
"185","50","Cupressus lusitanica",2,57,1.82,0.3553,1.25
"186","50","Cupressus lusitanica",3,300,24.64,4.01,1.25
"187","50","Cupressus lusitanica",4,371,66.12,9.3656,1.25
"188","50","Cupressus lusitanica",5,300,89.56,11.6297,1.25
"189","50","Cupressus lusitanica",6,71,37.73,4.4941,1.25
"190","51","Juniperus procera ",2,233,5.79,1.359,0.74
"191","51","Juniperus procera ",3,300,19.11,3.4877,0.74
"192","51","Juniperus procera ",4,133,20.31,3.095,0.74
"193","51","Juniperus procera ",5,67,19.7,2.689,0.74
"194","51","Juniperus procera ",8,33,30.29,3.613,0.74
"195","51","Podocarpus falcatus",2,33,0.54,0.1473,0.74
"196","51","Podocarpus falcatus",3,100,6.93,1.2637,0.74
"197","51","Podocarpus falcatus",4,33,3.6,0.597,0.74
"198","51","Podocarpus falcatus",5,133,34.8,4.9007,0.74
"199","51","Podocarpus falcatus",6,33,16.55,2.1263,0.74
"200","52","Podocarpus falcatus",1,50,0.12,0.0652,2.3
"201","52","Podocarpus falcatus",2,108,1.88,0.49,2.3
"202","52","Podocarpus falcatus",3,200,15.09,2.6935,2.3
"203","52","Podocarpus falcatus",4,283,42.86,6.6298,2.3
"204","52","Podocarpus falcatus",5,175,45.45,6.4035,2.3
"205","52","Podocarpus falcatus",6,50,19.57,2.5967,2.3
"206","52","Podocarpus falcatus",9,8,9.5,1.1137,2.3
"207","54","Juniperus procera ",3,57,4.51,0.7866,1.25
"208","54","Juniperus procera ",4,86,14.27,2.1386,1.25
"209","54","Juniperus procera ",5,200,59.28,8.0929,1.25
"210","54","Juniperus procera ",6,229,103.36,13.3201,1.25
"211","54","Juniperus procera ",7,43,27.96,3.4517,1.25
"212","54","Juniperus procera ",8,14,13.61,1.6159,1.25
"213","54","Juniperus procera ",9,14,15.45,1.8131,1.25
"214","55","Grevillea robusta",2,50,2.51,0.389,0.71
"215","55","Grevillea robusta",3,350,32.58,4.1815,0.71
"216","55","Grevillea robusta",4,450,106.14,10.815,0.71
"217","55","Grevillea robusta",5,625,258.22,23.4985,0.71
"218","55","Grevillea robusta",6,150,100.09,8.3837,0.71
"219","56a","Eucalyptus spps",1,50,0.2,0.067,0.58
"220","56a","Eucalyptus spps",2,600,11.07,2.4057,0.58
"221","56a","Eucalyptus spps",3,325,20.23,3.156,0.58
"222","56a","Eucalyptus spps",4,25,5.14,0.5675,0.58
"223","56a","Juniperus procera ",3,50,4.95,0.8228,0.58
"224","56a","Juniperus procera ",4,225,34.56,5.256,0.58
"225","56a","Juniperus procera ",5,75,22.18,3.0312,0.58
"226","56a","Juniperus procera ",6,100,40.84,5.3358,0.58
"227","56b","Eucalyptus spps",1,167,0.86,0.2698,1.26
"228","56b","Eucalyptus spps",2,867,15.75,3.3575,1.26
"229","56b","Eucalyptus spps",3,400,28.02,4.2067,1.26
"230","56b","Eucalyptus spps",5,17,7.02,0.6335,1.26
"231","58","Podocarpus falcatus",2,450,7.99,2.1105,0.47
"232","58","Podocarpus falcatus",3,400,26.5,4.862,0.47
"233","58","Podocarpus falcatus",4,50,9.66,1.4325,0.47
"234","58","Podocarpus falcatus",5,100,29.44,4.063,0.47
"235","58","Podocarpus falcatus",6,100,46.71,6.0485,0.47
"236","59a","Podocarpus falcatus",2,100,3.17,0.709,0.22
"237","59a","Podocarpus falcatus",3,300,21.32,3.869,0.22
"238","59a","Podocarpus falcatus",4,300,50.51,7.664,0.22
"239","59a","Podocarpus falcatus",6,100,37,4.948,0.22
"240","59b","Cupressus lusitanica",1,33,0.21,0.0561,2.04
"241","59b","Cupressus lusitanica",2,500,12.83,2.5947,2.04
"242","59b","Cupressus lusitanica",3,642,48.17,7.9651,2.04
"243","59b","Cupressus lusitanica",4,233,35.54,5.1727,2.04
"244","59b","Cupressus lusitanica",5,25,6.22,0.8328,2.04
"245","59b","Cupressus lusitanica",6,8,3.32,0.4123,2.04
"246","5a","Grevillea robusta",4,100,30.98,2.986,3.04
"247","5a","Grevillea robusta",5,100,51.73,4.524,3.04
"248","5b1","Grevillea robusta",3,50,7.8,0.8775,0.48
"249","5b1","Grevillea robusta",4,450,108.05,10.9775,0.48
"250","5b1","Grevillea robusta",5,150,62.13,5.654,0.48
"251","5b1","Grevillea robusta",6,200,135.04,11.2875,0.48
"252","5b1","Grevillea robusta",7,50,47.19,3.7495,0.48
"253","5c","Grevillea robusta",2,400,6.62,1.4895,0.77
"254","5c","Grevillea robusta",3,150,12.26,1.6285,0.77
"255","5c","Grevillea robusta",4,50,9.87,1.05,0.77
"256","6","Cupressus lusitanica",2,40,1.3,0.2534,3.72
"257","6","Cupressus lusitanica",3,280,22.96,3.7358,3.72
"258","6","Cupressus lusitanica",4,365,62.57,8.9154,3.72
"259","6","Cupressus lusitanica",5,155,43.72,5.7294,3.72
"260","6","Cupressus lusitanica",6,45,19.39,2.3791,3.72
"261","60","Pinus patula",2,40,1.28,0.2453,4.78
"262","60","Pinus patula",3,172,17.17,2.2228,4.78
"263","60","Pinus patula",4,240,54.11,5.8419,4.78
"264","60","Pinus patula",5,136,53.53,5.2934,4.78
"265","60","Pinus patula",6,68,42.75,3.9985,4.78
"266","60","Pinus patula",7,12,10.55,0.9562,4.78
"267","60","Pinus patula",8,4,4.72,0.4185,4.78
"268","61","Cupressus lusitanica",1,18,0.1,0.0271,1.64
"269","61","Cupressus lusitanica",2,255,6.55,1.3239,1.64
"270","61","Cupressus lusitanica",3,500,38.8,6.3787,1.64
"271","61","Cupressus lusitanica",4,200,29.58,4.3292,1.64
"272","61","Cupressus lusitanica",5,18,5.82,0.7477,1.64
"273","61","Cupressus lusitanica",6,9,4.21,0.5109,1.64
"274","63a","Eucalyptus spps",2,29,0.98,0.1827,1.17
"275","63a","Eucalyptus spps",5,14,4.95,0.4716,1.17
"276","63a","Eucalyptus spps",8,14,24.95,1.5779,1.17
"277","63a","Juniperus procera ",1,29,0.07,0.0381,1.17
"278","63a","Juniperus procera ",2,171,3.68,0.8973,1.17
"279","63a","Juniperus procera ",3,243,16.99,3.0373,1.17
"280","63a","Juniperus procera ",4,200,30.15,4.6,1.17
"281","63a","Juniperus procera ",5,86,21.14,2.9706,1.17
"282","63a","Podocarpus falcatus",4,14,2.93,0.4244,1.17
"283","63a","Podocarpus falcatus",7,29,18.42,2.2767,1.17
"284","64","Cupressus lusitanica",6,10,4.69,0.5683,2.19
"285","64","Cupressus lusitanica",7,10,6.95,0.7967,2.19
"286","64","Grevillea robusta",3,20,2.02,0.2543,2.19
"287","64","Grevillea robusta",4,40,10.79,1.0669,2.19
"288","64","Grevillea robusta",5,60,29.13,2.5748,2.19
"289","64","Grevillea robusta",6,110,79.85,6.5963,2.19
"290","64","Grevillea robusta",7,150,154.88,12.1458,2.19
"291","64","Grevillea robusta",8,40,55.4,4.1794,2.19
"292","64","Grevillea robusta",9,10,20,1.4455,2.19
"293","64","Juniperus procera",3,10,1.14,0.1389,2.19
"294","64","Juniperus procera",4,20,4.13,0.4348,2.19
"295","64","Podocarpus falcatus",2,30,0.81,0.1512,2.19
"296","64","Podocarpus falcatus",3,10,1.08,0.1338,2.19
"297","66","Podocarpus falcatus",2,225,4.76,1.177,0.95
"298","66","Podocarpus falcatus",3,75,3.37,0.685,0.95
"299","66","Podocarpus falcatus",9,25,29.8,3.48,0.95
"300","66","Podocarpus falcatus",10,25,54.41,6.048,0.95
"301","67","Eucalyptus spps",2,367,10.11,1.9727,0.39
"302","67","Eucalyptus spps",3,267,22.48,3.1893,0.39
"303","67","Eucalyptus spps",4,33,5.73,0.666,0.39
"304","67","Eucalyptus spps",5,67,33.71,2.8977,0.39
"305","67","Eucalyptus spps",6,33,24.36,1.9013,0.39
"306","67","Eucalyptus spps",9,33,82.64,4.8407,0.39
"307","67","Eucalyptus spps",10,167,1895.72,83.427,0.39
"308","68","Eucalyptus spps",4,133,21.92,2.5777,1.02
"309","68","Eucalyptus spps",5,33,11.86,1.1217,1.02
"310","68","Eucalyptus spps",6,67,42.87,3.4583,1.02
"311","68","Eucalyptus spps",7,33,44.78,3.0087,1.02
"312","68","Eucalyptus spps",8,67,118.86,7.482,1.02
"313","68","Eucalyptus spps",9,33,87.1,5.0453,1.02
"314","68","Podocarpus falcatus",5,33,16.67,1.4337,1.02
"315","68","Podocarpus falcatus",6,100,82.93,6.3873,1.02
"316","68","Podocarpus falcatus",8,33,58.72,3.982,1.02
"317","69","Eucalyptus spps",1,18,0.09,0.0286,2.17
"318","69","Eucalyptus spps",2,655,15.36,3.0984,2.17
"319","69","Eucalyptus spps",3,491,41.06,5.8336,2.17
"320","69","Eucalyptus spps",4,218,48.03,5.1772,2.17
"321","69","Eucalyptus spps",5,55,21.47,1.9682,2.17
"322","69","Eucalyptus spps",6,18,14.19,1.0856,2.17
"323","69","Eucalyptus spps",7,9,10.07,0.7085,2.17
"324","7","Cupressus lusitanica",1,50,0.3,0.0815,0.62
"325","7","Cupressus lusitanica",2,200,6.14,1.2065,0.62
"326","7","Cupressus lusitanica",3,200,12.92,2.206,0.62
"327","7","Cupressus lusitanica",4,50,7.76,1.128,0.62
"328","70a","Eucalyptus spps",1,12,0.08,0.024,2.39
"329","70a","Eucalyptus spps",2,462,5.87,1.3918,2.39
"330","70a","Eucalyptus spps",3,262,22.16,3.1492,2.39
"331","70a","Eucalyptus spps",4,50,9.23,1.0475,2.39
"332","70a","Eucalyptus spps",5,12,4.91,0.4518,2.39
"333","70a","Eucalyptus spps",8,12,18.94,1.2372,2.39
"334","71","Podocarpus falcatus",2,533,10.19,2.6033,0.74
"335","71","Podocarpus falcatus",3,467,34.28,6.1487,0.74
"336","71","Podocarpus falcatus",4,133,18.4,2.8957,0.74
"337","71","Podocarpus falcatus",5,100,27.39,3.8283,0.74
"338","71","Podocarpus falcatus",6,33,14.55,1.9013,0.74
"339","72","Cupressus lusitanica",3,67,7.07,1.1017,0.71
"340","72","Cupressus lusitanica",4,133,23.05,3.2827,0.71
"341","72","Cupressus lusitanica",5,300,92.92,11.9967,0.71
"342","72","Cupressus lusitanica",6,100,46.45,5.6327,0.71
"343","72","Cupressus lusitanica",7,100,70.69,8.0797,0.71
"344","72","Cupressus lusitanica",8,33,33.85,3.7013,0.71
"345","73","Eucalyptus spps",1,175,0.95,0.2942,1.67
"346","73","Eucalyptus spps",2,1075,19.15,4.1998,1.67
"347","73","Eucalyptus spps",3,188,12.72,1.9227,1.67
"348","73","Eucalyptus spps",4,25,3.79,0.4568,1.67
"349","74","Cupressus lusitanica",2,140,3.89,0.7752,1.29
"350","74","Cupressus lusitanica",3,680,57.17,9.2532,1.29
"351","74","Cupressus lusitanica",4,280,38.04,5.66,1.29
"352","76","Grevillea robusta",3,67,9.98,1.1353,1.9
"353","76","Grevillea robusta",4,233,63.69,6.2987,1.9
"354","76","Grevillea robusta",5,500,226.58,20.27,1.9
"355","76","Grevillea robusta",6,367,257.88,21.4087,1.9
"356","76","Grevillea robusta",7,100,99.21,7.8263,1.9
"357","76","Grevillea robusta",8,133,189.62,14.2583,1.9
"358","76","Grevillea robusta",9,67,118.11,8.6533,1.9
"359","77","Eucalyptus spps",1,23,0.14,0.0432,2.64
"360","77","Eucalyptus spps",2,1231,26.95,5.578,2.64
"361","77","Eucalyptus spps",3,654,54.24,7.7252,2.64
"362","77","Eucalyptus spps",4,131,27.12,2.9718,2.64
"363","77","Eucalyptus spps",5,8,3.24,0.2924,2.64
"364","78","Eucalyptus spps",1,143,0.85,0.2581,1.5
"365","78","Eucalyptus spps",2,700,6.97,1.8229,1.5
"366","78","Eucalyptus spps",3,43,2.62,0.4119,1.5
"367","79","Grevillea robusta",3,57,6.64,0.8043,1.6
"368","79","Grevillea robusta",4,114,29.14,2.9251,1.6
"369","79","Grevillea robusta",5,400,180.68,16.1693,1.6
"370","79","Grevillea robusta",6,186,138.25,11.3747,1.6
"371","79","Grevillea robusta",7,200,210.75,16.4806,1.6
"372","79","Grevillea robusta",8,71,101.86,7.6569,1.6
"373","8","Grevillea robusta",3,400,47.81,5.7298,1.16
"374","8","Grevillea robusta",4,620,149.18,15.1514,1.16
"375","8","Grevillea robusta",5,400,171.05,15.463,1.16
"376","8","Grevillea robusta",6,120,86.92,7.1796,1.16
"377","8","Grevillea robusta",7,40,42.51,3.3202,1.16
"378","80","Cupressus lusitanica",2,71,2.32,0.4514,1.51
"379","80","Cupressus lusitanica",3,529,43.55,7.0846,1.51
"380","80","Cupressus lusitanica",4,557,89.07,12.8554,1.51
"381","80","Cupressus lusitanica",5,143,40.04,5.2549,1.51
"382","80","Cupressus lusitanica",6,29,12.33,1.5124,1.51
"383","81","Eucalyptus spps",1,18,0.09,0.0289,1.91
"384","81","Eucalyptus spps",2,745,10.53,2.4955,1.91
"385","81","Eucalyptus spps",3,27,1.89,0.2849,1.91
"386","81","Eucalyptus spps",5,9,5.22,0.4338,1.91
"387","81","Eucalyptus spps",6,36,30.36,2.2897,1.91
"388","81","Eucalyptus spps",7,27,33.88,2.3165,1.91
"389","82a","Pinus patula",2,46,1.29,0.2633,1.91
"390","82a","Pinus patula",3,223,23.75,3.0291,1.91
"391","82a","Pinus patula",4,377,83.35,9.0336,1.91
"392","82a","Pinus patula",5,300,120.97,11.9226,1.91
"393","82a","Pinus patula",6,54,33.62,3.1458,1.91
"394","82b","Cupressus lusitanica",2,38,1.26,0.2441,1.46
"395","82b","Cupressus lusitanica",3,325,26.15,4.2689,1.46
"396","82b","Cupressus lusitanica",4,412,67.05,9.6444,1.46
"397","82b","Cupressus lusitanica",5,212,59.66,7.8292,1.46
"398","82b","Cupressus lusitanica",6,38,19.71,2.3486,1.46
"399","82b","Cupressus lusitanica",7,12,8.16,0.9435,1.46
"400","82b","Cupressus lusitanica",8,12,10.93,1.2164,1.46
"401","83","Eucalyptus spps",2,20,0.79,0.1418,1.43
"402","83","Eucalyptus spps",3,120,11.54,1.5746,1.43
"403","83","Eucalyptus spps",4,220,52.17,5.5064,1.43
"404","83","Eucalyptus spps",5,200,94.35,8.2494,1.43
"405","83","Eucalyptus spps",6,80,67.24,5.0548,1.43
"406","83","Eucalyptus spps",7,80,95.78,6.6092,1.43
"407","83","Eucalyptus spps",8,60,101.01,6.439,1.43
"408","83","Eucalyptus spps",10,40,117.59,6.6476,1.43
"409","84","Eucalyptus spps",3,160,16.62,2.2254,0.35
"410","84","Eucalyptus spps",3,160,16.62,2.2254,1.21
"411","84","Eucalyptus spps",4,220,42.07,4.7222,0.35
"412","84","Eucalyptus spps",4,220,42.07,4.7222,1.21
"413","84","Eucalyptus spps",5,100,45.36,4.0008,0.35
"414","84","Eucalyptus spps",5,100,45.36,4.0008,1.21
"415","84","Eucalyptus spps",6,40,28.19,2.2172,0.35
"416","84","Eucalyptus spps",6,40,28.19,2.2172,1.21
"417","84","Eucalyptus spps",7,100,117.5,8.1428,0.35
"418","84","Eucalyptus spps",7,100,117.5,8.1428,1.21
"419","84","Juniperus procera ",5,40,11.82,1.6142,0.35
"420","84","Juniperus procera ",5,40,11.82,1.6142,1.21
"421","86a","Pinus patula",2,25,1.05,0.1945,0.42
"422","86a","Pinus patula",3,50,5,0.649,0.42
"423","86a","Pinus patula",4,200,42.85,4.9633,0.42
"424","86a","Pinus patula",5,250,80.47,9.0635,0.42
"425","86a","Pinus patula",6,100,57.73,6.392,0.42
"426","86a","Pinus patula",7,25,21.75,1.973,0.42
"427","86b","Cupressus lusitanica",2,71,2.04,0.4058,4.64
"428","86b","Cupressus lusitanica",3,300,23.93,3.9101,4.64
"429","86b","Cupressus lusitanica",4,425,71.59,10.2361,4.64
"430","86b","Cupressus lusitanica",5,221,64.83,8.4443,4.64
"431","86b","Cupressus lusitanica",6,46,19.82,2.4308,4.64
"432","86b","Cupressus lusitanica",7,12,8.69,0.9961,4.64
"433","9","Podocarpus falcatus",2,133,3.53,0.829,0.59
"434","9","Podocarpus falcatus",3,33,3.11,0.5317,0.59
"435","9","Podocarpus falcatus",4,200,35.54,5.3393,0.59
"436","9","Podocarpus falcatus",5,100,28.89,4.0057,0.59
"437","9","Podocarpus falcatus",6,33,15.24,1.98,0.59
"438","90","Cupressus lusitanica",2,27,0.84,0.1648,6.84
"439","90","Cupressus lusitanica",3,134,11.28,1.8258,6.84
"440","90","Cupressus lusitanica",4,312,52.04,7.4533,6.84
"441","90","Cupressus lusitanica",5,234,69.23,9.005,6.84
"442","90","Cupressus lusitanica",6,71,32.86,3.9861,6.84
"443","90","Cupressus lusitanica",7,12,8.48,0.9719,6.84
"444","92","Pinus patula",2,8,0.15,0.0358,6.17
"445","92","Pinus patula",3,76,8.06,1.0282,6.17
"446","92","Pinus patula",4,226,54.61,5.8256,6.17
"447","92","Pinus patula",5,276,108.94,10.7698,6.17
"448","92","Pinus patula",6,113,69.12,6.484,6.17
"449","92","Pinus patula",7,13,11.55,1.0468,6.17
"450","92","Pinus patula",8,3,2.94,0.2612,6.17
"451","93","Pinus patula",2,20,0.48,0.1025,1.85
"452","93","Pinus patula",3,90,10.77,1.3339,1.85
"453","93","Pinus patula",4,150,36.67,3.9039,1.85
"454","93","Pinus patula",5,150,60.12,5.9316,1.85
"455","93","Pinus patula",6,140,83.51,7.8538,1.85
"456","93","Pinus patula",7,40,36.39,3.2888,1.85
"457","93","Pinus patula",9,10,17.28,1.4964,1.85
"458","95","Pinus patula",1,60,0.07,0.0878,1.94
"459","95","Pinus patula",2,780,16.38,3.7157,1.94
"460","95","Pinus patula",3,130,7.98,1.2006,1.94
"461","96","Eucalyptus spps",1,47,0.26,0.0805,3.19
"462","96","Eucalyptus spps",2,559,8.4,1.9301,3.19
"463","96","Eucalyptus spps",3,182,14.55,2.0958,3.19
"464","96","Eucalyptus spps",4,82,15.7,1.7656,3.19
"465","96","Eucalyptus spps",5,6,2.16,0.2028,3.19
"466","96","Eucalyptus spps",7,6,5.98,0.4298,3.19
"467","97","Cupressus lusitanica",2,25,0.84,0.1625,0.86
"468","97","Cupressus lusitanica",3,400,32.18,5.2592,0.86
"469","97","Cupressus lusitanica",4,175,31.31,4.4258,0.86
"470","97","Cupressus lusitanica",5,150,46.25,5.9802,0.86
"471","97","Cupressus lusitanica",6,75,35.13,4.255,0.86
"472","98","Eucalyptus spps",10,3,14.79,0.7664,5.87
"473","98","Grevillea robusta",3,6,0.76,0.092,5.87
"474","98","Grevillea robusta",4,55,13.79,1.3858,5.87
"475","98","Grevillea robusta",5,184,84.94,7.5717,5.87
"476","98","Grevillea robusta",6,168,119.32,9.8883,5.87
"477","98","Grevillea robusta",7,129,135,10.5678,5.87
"478","98","Grevillea robusta",8,52,75.84,5.6797,5.87
"479","98","Grevillea robusta",9,6,11.96,0.8717,5.87
"480","98","Grevillea robusta",10,13,34.52,2.4207,5.87
"481","99a","Eucalyptus spps",2,11,0.38,0.0714,1.36
"482","99a","Eucalyptus spps",3,22,2.28,0.3077,1.36
"483","99a","Eucalyptus spps",5,11,4.39,0.4034,1.36
"484","99a","Eucalyptus spps",10,11,58.01,2.9357,1.36
"485","99a","Guava",2,22,0.38,0.1192,1.36
"486","99a","Guava",3,33,1.62,0.3907,1.36
"487","99a","Juniperus procera ",2,33,0.5,0.1359,1.36
"488","99a","Juniperus procera ",3,211,16.72,2.9063,1.36
"489","99a","Juniperus procera ",4,167,25.73,3.912,1.36
"490","99a","Juniperus procera ",5,89,25.79,3.5331,1.36
"491","99a","Juniperus procera ",7,11,6.26,0.7854,1.36
"492","99a","Olea africana",1,11,0.05,0.0213,1.36
"493","99a","Olea africana",2,333,5.08,1.6084,1.36
"494","99a","Olea africana",3,300,13.26,3.2661,1.36
"495","99a","Olea africana",4,100,11.05,2.1901,1.36
"496","99a","Olea africana",5,22,4.3,0.7428,1.36
